student_id,name,grade_level,gender,attendance_rate,study_hours_per_week,math_score,science_score,english_score,history_score,gpa,extracurricular_activities,internet_access,parent_education_level,free_lunch,passed
1000,Taylor Moore,10,Male,90.3,5.0,73,74,80.0,83,2.57,No,Yes,Graduate,No,Yes
1001,Skyler Martinez,9,Male,86.0,4.0,65,65,91.0,79,2.66,Yes,Yes,None,No,Yes
1002,Rowan Jackson,9,Female,87.7,13.0,62,66,69.0,77,2.2,No,No,Bachelor's,No,Yes
1003,Cameron Wilson,12,Female,88.6,10.0,72,72,76.0,79,2.5,Yes,Yes,High School,Yes,Yes
1004,Cameron Clark,9,Male,82.6,10.0,86,82,88.0,69,3.0,Yes,Yes,Bachelor's,No,Yes
1005,Jamie Lopez,9,Female,92.3,12.0,58,64,68.0,87,2.23,Yes,No,Bachelor's,Yes,Yes
1006,Taylor Anderson,10,Male,100.0,19.0,88,95,93.0,86,3.34,Yes,Yes,High School,No,Yes
1007,Emery White,10,Male,73.8,1.0,40,40,48.0,59,1.14,Yes,Yes,High School,No,No
1008,Casey Moore,11,Non-binary,90.6,5.0,69,75,72.0,68,2.34,Yes,Yes,High School,Yes,Yes
1009,Taylor Jackson,10,Male,81.9,5.0,54,48,50.0,58,1.28,No,Yes,High School,No,No
1010,Hayden Singh,9,Male,92.6,4.0,80,66,73.0,69,2.36,No,Yes,,No,Yes
1011,Micah Smith,9,Male,88.4,3.0,64,79,73.0,74,2.55,Yes,Yes,High School,No,Yes
1012,Finley Lopez,12,Female,94.1,6.0,74,70,72.0,69,2.3,No,No,High School,No,Yes
1013,Skyler Patel,11,Female,97.4,3.0,72,78,59.0,77,2.22,No,Yes,Bachelor's,No,Yes
1014,Finley White,11,Non-binary,89.5,9.0,60,79,66.0,75,2.22,No,No,Bachelor's,No,Yes
1015,Skyler Nguyen,11,Male,97.1,8.0,72,66,67.0,77,2.45,Yes,No,Bachelor's,Yes,Yes
1016,Hayden Nguyen,11,Male,69.2,9.0,66,62,60.0,47,1.73,Yes,Yes,Graduate,No,No
1017,Morgan Nguyen,9,Female,100.0,10.0,93,97,100.0,96,3.77,Yes,Yes,High School,No,Yes
1018,Jamie Rodriguez,10,Male,91.0,10.0,70,89,83.0,82,3.05,Yes,Yes,Bachelor's,No,Yes
1019,Cameron Chen,11,Female,96.6,6.0,68,67,71.0,66,2.25,Yes,Yes,None,No,Yes
1020,Hayden Harris,10,Female,78.2,16.0,69,79,84.0,84,2.77,No,Yes,Bachelor's,No,Yes
1021,Quinn Martinez,12,Male,81.4,,58,60,68.0,58,1.75,No,Yes,,No,No
1022,Casey Brown,10,Female,89.2,0.0,54,56,61.0,57,1.58,Yes,Yes,Bachelor's,No,No
1023,Logan Johnson,11,Male,87.9,3.0,63,68,63.0,69,1.96,Yes,Yes,Bachelor's,No,No
1024,Skyler Smith,12,Male,90.3,1.0,58,63,71.0,47,1.7,Yes,Yes,Bachelor's,No,No
1025,Rowan Kim,10,Female,96.7,8.0,77,81,90.0,88,3.12,Yes,Yes,High School,Yes,Yes
1026,Reese Harris,12,Female,73.9,7.0,64,62,69.0,63,1.8,No,Yes,Bachelor's,No,No
1027,Dakota Singh,11,Female,95.8,6.0,84,77,89.0,74,2.9,Yes,Yes,Bachelor's,No,Yes
1028,Parker White,12,Female,88.1,16.0,89,69,68.0,80,2.63,No,Yes,Graduate,No,Yes
1029,Cameron Lee,10,Non-binary,86.4,10.0,57,63,68.0,76,2.16,No,Yes,High School,No,Yes
1030,Cameron Lee,10,Non-binary,76.2,10.0,63,72,64.0,71,1.96,No,Yes,None,Yes,No
1031,Riley Jackson,11,Female,92.0,4.0,57,64,73.0,65,1.95,No,Yes,Bachelor's,No,No
1032,Taylor Lee,9,Male,68.7,4.0,55,55,61.0,57,1.49,Yes,Yes,High School,No,No
1033,Parker Johnson,10,Female,93.2,8.0,70,63,73.0,84,2.52,Yes,Yes,High School,No,Yes
1034,Kai Martinez,12,Non-binary,76.1,8.0,51,61,67.0,57,1.65,Yes,No,High School,Yes,No
1035,Jordan Harris,11,Male,88.4,0.0,58,62,59.0,58,1.85,No,Yes,Bachelor's,No,No
1036,Jamie Khan,9,Male,87.0,,78,77,76.0,76,2.74,Yes,Yes,High School,Yes,Yes
1037,Dakota Lee,10,Male,97.4,8.0,71,72,72.0,77,2.42,No,No,High School,Yes,Yes
1038,Sam Jackson,9,Male,86.6,7.0,75,71,75.0,74,2.52,Yes,Yes,None,Yes,Yes
1039,Rowan Jackson,9,Female,82.4,4.0,68,58,65.0,63,1.88,Yes,,Graduate,No,No
1040,Morgan Moore,12,Male,83.9,5.0,48,63,63.0,46,1.51,Yes,Yes,Bachelor's,No,No
1041,Skyler White,10,Female,98.2,7.0,68,67,71.0,71,2.11,No,Yes,None,Yes,Yes
1042,,10,Female,92.3,8.0,64,64,73.0,62,1.96,Yes,Yes,None,Yes,No
1043,Quinn Clark,11,Female,84.9,10.0,74,63,69.0,71,2.29,Yes,Yes,Bachelor's,No,Yes
1044,Jordan Wilson,9,Male,86.1,12.0,69,66,77.0,84,2.64,Yes,Yes,High School,Yes,Yes
1045,Micah Moore,10,Male,75.5,6.0,54,67,67.0,56,1.55,No,Yes,Bachelor's,No,No
1046,Cameron Chen,11,Female,91.1,6.0,75,87,88.0,77,3.09,No,Yes,High School,No,Yes
1047,Kai Thomas,11,Female,73.9,9.0,76,71,58.0,69,2.19,Yes,Yes,Graduate,No,Yes
1048,Emery Rodriguez,12,Female,94.0,10.0,72,65,71.0,76,2.15,No,Yes,High School,Yes,Yes
1049,Skyler Rodriguez,11,Female,89.0,6.0,55,60,60.0,67,1.44,Yes,,Bachelor's,No,No
1050,Skyler Rodriguez,10,Male,100.0,11.0,72,79,76.0,70,2.38,No,Yes,None,No,Yes
1051,Casey Thomas,11,Female,79.2,11.0,83,79,75.0,78,2.78,Yes,Yes,Graduate,No,Yes
1052,Quinn Anderson,12,Male,87.2,13.0,75,87,85.0,91,3.11,Yes,Yes,Graduate,No,Yes
1053,Drew Garcia,11,Male,100.0,15.0,97,86,100.0,100,3.82,No,Yes,Bachelor's,No,Yes
1054,Drew Moore,12,Female,97.5,4.0,82,84,83.0,80,2.93,Yes,Yes,High School,No,Yes
1055,Jordan Singh,12,Male,82.4,8.0,56,63,74.0,72,1.96,Yes,,High School,Yes,No
1056,Parker Wilson,12,Male,89.8,8.0,73,59,68.0,70,2.1,No,Yes,Bachelor's,No,Yes
1057,Morgan Lopez,9,Male,88.0,,66,63,64.0,68,2.02,No,No,Bachelor's,Yes,Yes
1058,Finley Clark,11,Male,90.3,5.0,72,71,69.0,72,2.37,Yes,Yes,High School,No,Yes
1059,Emery Jackson,10,Female,82.4,2.0,54,43,55.0,46,1.04,No,Yes,High School,Yes,No
1060,Logan Jackson,11,Male,87.3,8.0,69,77,66.0,79,2.53,No,Yes,High School,Yes,Yes
1061,Finley Davis,11,Female,75.2,4.0,54,67,67.0,71,1.92,Yes,Yes,Bachelor's,No,No
1062,Quinn Moore,12,Female,89.1,8.0,63,66,66.0,67,1.94,No,Yes,Bachelor's,No,No
1063,Micah Kim,12,Male,91.6,4.0,71,74,87.0,69,2.53,Yes,Yes,Bachelor's,No,Yes
1064,Reese Khan,10,Male,86.2,3.0,66,59,70.0,64,2.09,No,Yes,Bachelor's,No,Yes
1065,,11,Female,75.1,8.0,54,57,59.0,53,1.46,Yes,Yes,High School,Yes,No
1066,Kai Nguyen,11,Female,95.9,8.0,83,67,73.0,68,2.37,Yes,Yes,High School,No,Yes
1067,Quinn Brown,10,Female,90.9,10.0,75,82,75.0,73,2.74,Yes,Yes,None,Yes,Yes
1068,Jordan Johnson,9,Female,82.2,16.0,91,86,83.0,78,3.33,Yes,Yes,Bachelor's,No,Yes
1069,Drew Garcia,9,Male,85.8,9.0,63,67,66.0,71,2.12,No,Yes,High School,Yes,Yes
1070,Dakota Martinez,12,Male,76.0,9.0,63,58,77.0,70,2.24,No,Yes,High School,Yes,Yes
1071,Casey Davis,10,Female,79.8,3.0,61,60,70.0,49,1.82,Yes,Yes,,No,No
1072,Drew Garcia,12,Male,83.7,2.0,47,55,48.0,54,1.14,Yes,Yes,High School,Yes,No
1073,Morgan Martinez,10,Female,97.8,14.0,76,68,76.0,76,2.52,Yes,No,Bachelor's,Yes,Yes
1074,Emery Chen,12,Female,82.9,4.0,62,73,72.0,74,2.17,Yes,Yes,High School,No,Yes
1075,Drew Nguyen,10,Female,93.1,3.0,66,74,78.0,71,2.39,Yes,Yes,None,Yes,Yes
1076,Avery Wilson,12,Male,83.7,7.0,72,66,63.0,65,2.02,No,Yes,Bachelor's,No,Yes
1077,Riley Kim,9,Male,90.0,7.0,83,85,73.0,74,2.75,No,Yes,High School,Yes,Yes
1078,Parker Lopez,11,Male,86.9,4.0,64,59,77.0,68,2.04,Yes,Yes,High School,No,Yes
1079,Emery Kim,12,Male,,6.0,76,76,67.0,74,2.44,Yes,No,High School,Yes,Yes
1080,,12,Female,,12.0,64,79,69.0,70,2.37,No,Yes,Bachelor's,No,Yes
1081,Cameron Wilson,12,Male,75.4,4.0,67,78,72.0,68,2.35,Yes,Yes,High School,Yes,Yes
1082,Morgan Martinez,9,Male,76.9,2.0,69,64,66.0,59,1.78,Yes,Yes,Bachelor's,Yes,No
1083,Dakota Kim,10,Male,83.7,11.0,77,73,76.0,72,2.47,Yes,Yes,Graduate,No,Yes
1084,Rowan Patel,9,Male,78.0,9.0,64,57,61.0,78,1.85,Yes,No,Bachelor's,No,No
1085,Emery Khan,9,Female,91.3,5.0,81,69,78.0,66,2.51,Yes,Yes,High School,No,Yes
1086,Taylor Nguyen,11,Male,84.3,1.0,43,53,53.0,45,1.11,No,Yes,Bachelor's,No,No
1087,Avery Brown,11,Non-binary,100.0,5.0,72,75,79.0,100,2.97,Yes,Yes,High School,No,Yes
1088,Skyler Moore,12,Male,74.1,7.0,46,57,55.0,56,1.26,No,Yes,High School,Yes,No
1089,Dakota Harris,12,Female,89.6,12.0,80,96,87.0,73,3.11,Yes,Yes,Bachelor's,No,Yes
1090,Cameron Khan,11,Male,79.0,3.0,37,53,64.0,59,1.28,No,Yes,High School,No,No
1091,Dakota Harris,12,Male,84.1,7.0,62,58,72.0,59,1.76,Yes,Yes,High School,No,No
1092,Jamie Jackson,9,Female,89.1,10.0,65,62,78.0,76,2.37,Yes,Yes,High School,No,Yes
1093,Reese Lopez,9,Non-binary,69.4,0.0,50,52,46.0,46,1.14,Yes,Yes,High School,No,No
1094,Kai Thomas,11,Female,,12.0,91,90,90.0,88,3.51,Yes,Yes,High School,Yes,Yes
1095,,12,Male,100.0,3.0,79,90,85.0,96,3.22,Yes,Yes,Bachelor's,No,Yes
1096,Riley Davis,9,Male,84.4,9.0,77,72,77.0,79,2.76,No,Yes,Graduate,No,Yes
1097,Emery Singh,10,Female,90.1,8.0,72,75,67.0,77,2.39,Yes,Yes,None,No,Yes
1098,Rowan Clark,11,Male,96.2,12.0,80,86,95.0,90,3.37,Yes,No,Bachelor's,Yes,Yes
1099,Morgan Jackson,9,Female,86.7,10.0,76,76,87.0,78,2.76,Yes,Yes,High School,No,Yes
1100,Dakota Lopez,10,Female,83.4,0.0,32,45,48.0,52,0.79,No,Yes,None,Yes,No
1101,Casey Khan,12,Female,69.8,4.0,43,44,57.0,60,0.96,No,Yes,High School,No,No
1102,Dakota Patel,11,Female,93.1,,55,73,64.0,62,1.88,No,Yes,High School,No,No
1103,Alex Moore,9,Female,87.1,,74,75,81.0,88,2.84,No,Yes,High School,No,Yes
1104,Dakota Singh,12,Male,79.9,9.0,71,83,74.0,85,2.72,No,Yes,,No,Yes
1105,Skyler Singh,10,Male,89.0,11.0,70,72,76.0,76,2.66,No,Yes,High School,Yes,Yes
1106,Skyler Thomas,12,Female,83.3,10.0,50,53,61.0,61,1.38,Yes,Yes,Bachelor's,Yes,No
1107,Rowan Rodriguez,10,Female,83.8,7.0,66,65,72.0,68,2.1,No,Yes,None,No,Yes
1108,Drew Johnson,11,Male,92.9,0.0,57,63,55.0,47,1.37,No,Yes,High School,Yes,No
1109,Emery Brown,10,Male,77.3,6.0,58,54,47.0,57,1.32,Yes,Yes,High School,Yes,No
1110,Sam Patel,10,Female,96.4,9.0,82,78,80.0,85,3.03,No,Yes,Bachelor's,Yes,Yes
1111,Skyler Anderson,12,Female,76.8,3.0,48,60,61.0,56,1.65,Yes,Yes,High School,No,No
1112,Parker Smith,9,Female,82.7,10.0,64,73,72.0,72,2.23,Yes,Yes,Bachelor's,No,Yes
1113,Drew Patel,9,Male,100.0,11.0,75,89,90.0,79,2.97,Yes,,High School,Yes,Yes
1114,Hayden Chen,10,Male,97.0,8.0,69,76,79.0,79,2.5,No,Yes,None,Yes,Yes
1115,Parker Khan,11,Female,88.8,0.0,60,65,64.0,66,2.06,No,Yes,Graduate,No,Yes
1116,Alex Lopez,12,Male,80.5,2.0,54,52,49.0,49,1.31,Yes,No,High School,No,No
1117,Morgan Jackson,12,Female,83.8%,15.0,75,65,80.0,63,2.32,Yes,No,High School,Yes,Yes
1118,Riley Harris,10,Female,88.6%,5.0,59,61,65.0,79,1.92,Yes,No,High School,No,No
1119,Taylor Garcia,10,Male,88.3,0.0,66,58,65.0,63,1.76,Yes,Yes,Graduate,No,No
1120,Cameron Harris,9,Male,87.3,12.0,70,60,64.0,67,2.03,No,Yes,Bachelor's,No,Yes
1121,Emery Rodriguez,11,Male,87.8,8.0,74,85,90.0,78,3.01,Yes,Yes,Bachelor's,No,Yes
1122,Rowan Rodriguez,12,Female,,12.0,65,64,66.0,59,1.71,Yes,Yes,Graduate,No,No
1123,Drew Lee,11,Female,76.5,9.0,59,63,61.0,73,1.91,Yes,Yes,High School,No,No
1124,Jamie Rodriguez,11,Male,83.9,9.0,58,53,70.0,78,2.15,No,Yes,Graduate,No,Yes
1125,Parker Anderson,10,Female,95.3,9.0,79,91,83.0,82,3.05,Yes,,High School,Yes,Yes
1126,Jordan Chen,12,Male,77.1,10.0,71,66,72.0,71,2.43,No,Yes,Bachelor's,No,Yes
1127,Skyler Johnson,10,Male,86.5,,87,100,89.0,94,3.64,Yes,Yes,High School,Yes,Yes
1128,Parker Singh,9,Female,81.4,11.0,64,58,65.0,67,1.81,Yes,Yes,High School,Yes,No
1129,Rowan Harris,10,Male,,1.0,63,64,73.0,68,2.09,No,Yes,Graduate,No,Yes
1130,Parker Anderson,9,Male,84.9,9.0,74,59,72.0,74,2.26,Yes,Yes,High School,No,Yes
1131,Parker Garcia,9,Female,99.8,12.0,74,78,76.0,73,2.49,No,Yes,Graduate,No,Yes
1132,Taylor Clark,9,Male,92.1,12.0,91,86,87.0,94,3.3,Yes,Yes,High School,Yes,Yes
1133,Parker Clark,10,Female,77.5,6.0,53,47,55.0,54,1.42,No,Yes,Bachelor's,No,No
1134,Dakota Garcia,11,Male,93.4,12.0,77,78,87.0,90,2.93,No,Yes,Graduate,Yes,Yes
1135,Avery Moore,10,Male,81.8,11.0,62,74,70.0,65,2.26,No,Yes,None,No,Yes
1136,Sage Martinez,10,Male,83.4,18.0,73,92,91.0,93,3.23,Yes,Yes,Graduate,No,Yes
1137,Alex Chen,12,Male,90.5,4.0,67,76,71.0,59,2.18,No,Yes,Bachelor's,No,Yes
1138,Quinn Davis,11,Male,84.1,5.0,62,67,77.0,67,2.24,No,Yes,Bachelor's,No,Yes
1139,Cameron Moore,11,Male,95.1,6.0,62,65,68.0,60,1.87,Yes,,High School,Yes,No
1140,Micah Clark,10,Female,81.8,6.0,67,59,68.0,59,1.96,Yes,Yes,Bachelor's,No,No
1141,Riley Moore,12,Male,83.0,4.0,61,58,59.0,67,1.58,No,Yes,Bachelor's,No,No
1142,Sam Harris,9,Male,82.7,0.0,43,50,49.0,46,1.02,Yes,Yes,High School,Yes,No
1143,Reese Harris,10,Male,83.5,6.0,64,70,66.0,62,1.78,No,Yes,High School,Yes,No
1144,Micah Lee,12,Male,96.8,9.0,92,90,86.0,93,3.42,No,Yes,High School,Yes,Yes
1145,Jamie Nguyen,10,Male,93.0,6.0,83,80,72.0,70,2.73,Yes,,Graduate,No,Yes
1146,Alex Anderson,11,Female,100.0,15.0,94,85,92.0,88,3.48,No,Yes,None,Yes,Yes
1147,Riley Chen,11,Male,100.0,8.0,81,87,78.0,74,2.73,No,Yes,Bachelor's,Yes,Yes
1148,Dakota Johnson,11,Female,,13.0,63,71,65.0,77,2.11,Yes,Yes,Graduate,No,Yes
1149,Jordan Lee,10,Female,,9.0,69,65,73.0,73,2.22,No,Yes,None,Yes,Yes
1150,Jamie Lopez,9,Male,78.6,11.0,64,63,67.0,72,2.1,Yes,Yes,High School,Yes,Yes
1151,Sam Rodriguez,10,Male,81.8,9.0,68,63,65.0,70,1.88,Yes,Yes,Bachelor's,No,No
1152,Logan Garcia,9,Male,83.0,13.0,64,80,66.0,70,2.28,No,No,None,Yes,Yes
1153,Avery Garcia,12,Female,79.5,8.0,67,72,74.0,66,2.3,Yes,Yes,Bachelor's,No,Yes
1154,Cameron Lee,10,Male,79.6,9.0,56,59,66.0,52,1.59,No,Yes,Bachelor's,Yes,No
1155,Rowan Singh,11,Female,86.8,9.0,63,62,64.0,73,2.08,Yes,Yes,Bachelor's,Yes,Yes
1156,Morgan Smith,12,Female,78.3,6.0,66,80,66.0,70,2.34,Yes,Yes,High School,Yes,Yes
1157,Parker Chen,12,Female,94.7,9.0,69,82,82.0,70,2.56,Yes,Yes,Bachelor's,No,Yes
1158,Hayden Davis,10,Female,80.7,16.0,70,76,73.0,80,2.36,No,Yes,Bachelor's,No,Yes
1159,Skyler Davis,10,Non-binary,100.0,6.0,88,79,92.0,78,3.11,No,Yes,High School,Yes,Yes
1160,Micah Khan,12,Male,84.4,9.0,76,62,77.0,55,2.05,No,Yes,Bachelor's,Yes,Yes
1161,Rowan Singh,11,Male,88.6,13.0,73,73,60.0,73,2.21,No,Yes,Graduate,No,Yes
1162,Reese Anderson,12,Male,77.6,12.0,72,78,83.0,79,2.79,No,Yes,Bachelor's,No,Yes
1163,Reese Thomas,12,Female,100.0,8.0,73,83,78.0,73,2.81,No,Yes,High School,Yes,Yes
1164,Cameron Harris,12,Female,97.0,0.0,65,73,65.0,54,1.95,Yes,Yes,High School,Yes,No
1165,Dakota Moore,9,Female,90.4,10.0,70,56,64.0,53,1.81,No,No,,Yes,No
1166,Avery Lopez,11,Male,77.2,0.0,39,41,54.0,46,0.71,No,Yes,High School,No,No
1167,Casey Lopez,9,Non-binary,89.7,13.0,61,60,,63,1.87,No,No,None,Yes,No
1168,Quinn Nguyen,11,Female,79.0,8.0,75,73,73.0,70,2.44,Yes,Yes,Graduate,No,Yes
1169,Alex Chen,12,Female,99.7,11.0,81,90,79.0,83,3.17,Yes,Yes,High School,No,Yes
1170,Taylor Garcia,10,Non-binary,94.5,4.0,74,85,83.0,78,2.8,No,Yes,Bachelor's,Yes,Yes
1171,Taylor Harris,10,Male,88.8,1.0,45,62,52.0,60,1.39,Yes,No,High School,Yes,No
1172,Skyler Jackson,9,Male,68.5,9.0,54,51,47.0,51,1.29,Yes,Yes,High School,No,No
1173,Finley Lee,12,Female,80.1,7.0,65,58,72.0,55,1.85,No,Yes,High School,Yes,No
1174,Emery Moore,9,Male,93.5,6.0,53,46,54.0,56,1.16,Yes,Yes,High School,Yes,No
1175,Drew Lee,9,Male,97.7,8.0,80,85,81.0,71,3.07,Yes,Yes,Bachelor's,No,Yes
1176,Finley Anderson,9,Male,96.9,19.0,91,99,96.0,99,3.68,Yes,Yes,Graduate,No,Yes
1177,Morgan Lee,9,Male,75.3,11.0,70,85,82.0,70,2.66,Yes,Yes,Graduate,No,Yes
1178,Kai Lopez,10,Female,90.4,12.0,68,63,75.0,71,2.28,No,Yes,High School,No,Yes
1179,Hayden Khan,10,Female,96.1,11.0,90,89,94.0,87,3.46,No,Yes,Bachelor's,No,Yes
1180,Logan Anderson,10,Male,,13.0,74,74,67.0,80,2.48,No,Yes,High School,No,Yes
1181,Morgan Martinez,9,Male,87.9,7.0,88,86,76.0,73,2.88,No,Yes,Graduate,No,Yes
1182,Drew Harris,9,Male,90.2,0.0,54,54,63.0,58,1.53,No,Yes,Bachelor's,No,No
1183,Emery Thomas,10,Female,85.6,,66,76,72.0,74,2.29,Yes,No,High School,Yes,Yes
1184,Drew Patel,9,Female,73.2,11.0,53,54,47.0,62,1.59,No,Yes,,No,No
1185,Cameron Khan,11,Female,85.4,4.0,57,56,69.0,74,1.92,Yes,No,None,No,No
1186,Morgan Anderson,9,Male,85.4,7.0,66,51,60.0,64,1.79,Yes,Yes,High School,Yes,No
1187,Reese Wilson,10,Male,86.8,5.0,55,58,68.0,71,1.85,No,Yes,Graduate,No,No
1188,Riley Anderson,10,Male,83.5,14.0,58,75,77.0,64,2.16,No,No,Bachelor's,Yes,Yes
1189,Avery White,10,Female,84.5,10.0,75,86,77.0,84,2.84,Yes,Yes,Graduate,No,Yes
1190,Emery Moore,9,Male,,10.0,66,69,71.0,60,1.93,No,Yes,High School,Yes,No
1191,Rowan Thomas,9,Female,91.5,10.0,85,93,78.0,85,3.14,Yes,Yes,Bachelor's,Yes,Yes
1192,Sage Rodriguez,12,Female,85.6,7.0,57,56,62.0,40,1.32,Yes,Yes,High School,Yes,No
1193,Quinn Brown,9,Male,84.7,8.0,59,64,57.0,50,1.69,Yes,,Bachelor's,No,No
1194,Micah Moore,10,Male,88.7,3.0,74,72,71.0,78,2.38,Yes,Yes,High School,Yes,Yes
1195,Taylor Kim,10,Male,72.6,0.0,53,53,57.0,47,1.23,Yes,Yes,High School,No,No
1196,Quinn Singh,10,Male,91.8,8.0,63,66,69.0,73,2.07,Yes,Yes,Bachelor's,No,Yes
1197,Taylor Wilson,10,Male,88.0,9.0,73,60,73.0,79,2.5,Yes,Yes,High School,Yes,Yes
1198,Quinn Wilson,12,Female,88.3,12.0,80,92,91.0,80,3.1,Yes,Yes,High School,No,Yes
1199,Micah Garcia,12,Male,95.7,14.0,97,85,86.0,82,3.34,No,Yes,Bachelor's,Yes,Yes
1200,Quinn Clark,9,Male,72.4,14.0,74,63,79.0,65,2.4,No,Yes,High School,No,Yes
1201,Kai Garcia,10,Female,72.2,4.0,67,58,61.0,59,1.77,No,Yes,Graduate,No,No
1202,Drew Johnson,9,Female,90.2,6.0,68,67,78.0,67,2.15,Yes,Yes,Bachelor's,No,Yes
1203,Emery Harris,10,Male,87.9,9.0,71,84,71.0,75,2.45,No,Yes,Bachelor's,No,Yes
1204,Cameron Singh,11,Female,89.4,18.0,77,99,89.0,84,3.36,No,Yes,Bachelor's,No,Yes
1205,Sam Davis,9,Female,84.3,13.0,73,67,76.0,88,2.5,Yes,Yes,Bachelor's,No,Yes
1206,Skyler Anderson,10,Female,93.3,12.0,79,78,81.0,76,2.81,Yes,Yes,,Yes,Yes
1207,,12,Female,95.5,6.0,78,73,85.0,88,2.93,Yes,Yes,Graduate,No,Yes
1208,Sam Lee,9,Male,91.9,4.0,72,78,81.0,64,2.54,Yes,Yes,Bachelor's,No,Yes
1209,Skyler Anderson,10,Female,85.9,11.0,71,69,75.0,68,2.38,Yes,,High School,No,Yes
1210,Sam Patel,11,Male,71.1,3.0,52,55,59.0,67,1.52,Yes,Yes,High School,No,No
1211,Finley Singh,9,Female,94.2,7.0,64,71,73.0,78,2.27,Yes,,Bachelor's,No,Yes
1212,Skyler Harris,9,Female,97.8,7.0,77,68,69.0,68,2.39,No,Yes,None,No,Yes
1213,Cameron Harris,9,Male,93.2,14.0,80,87,75.0,81,2.84,Yes,No,High School,Yes,Yes
1214,Finley Kim,12,Male,81.0,6.0,59,67,60.0,67,1.62,Yes,Yes,None,Yes,No
1215,Sam Thomas,9,Female,93.4,0.0,49,55,51.0,47,1.24,No,Yes,Bachelor's,No,No
1216,,9,Female,94.9,10.0,82,69,88.0,89,2.87,Yes,,High School,No,Yes
1217,Taylor Lopez,9,Male,100.0,5.0,72,73,66.0,87,2.59,Yes,Yes,Bachelor's,No,Yes
1218,Cameron Garcia,9,Female,81.0,8.0,78,90,79.0,81,3.11,Yes,Yes,Bachelor's,Yes,Yes
1219,Kai Kim,11,Female,86.2,7.0,82,76,78.0,72,2.69,Yes,Yes,Bachelor's,No,Yes
1220,Morgan Rodriguez,9,Female,94.0,6.0,68,58,76.0,74,2.33,Yes,No,High School,Yes,Yes
1221,Cameron Clark,11,Male,88.5,11.0,93,89,90.0,81,3.34,Yes,Yes,Bachelor's,No,Yes
1222,Emery Smith,11,Male,79.1,1.0,45,50,52.0,60,1.4,Yes,Yes,Bachelor's,No,No
1223,Casey Anderson,12,Female,91.3,5.0,71,86,80.0,69,2.55,No,Yes,High School,No,Yes
1224,Finley Jackson,9,Male,92.6,10.0,84,80,69.0,74,2.67,No,Yes,Bachelor's,No,Yes
1225,Avery Harris,12,Female,,5.0,71,66,78.0,86,2.65,Yes,Yes,High School,Yes,Yes
1226,Dakota Martinez,11,Male,89.8,1.0,40,68,69.0,66,1.74,Yes,Yes,Graduate,No,No
1227,Parker Lee,9,Female,85.9,10.0,77,59,86.0,70,2.57,Yes,No,High School,Yes,Yes
1228,Parker Brown,12,Male,99.8,12.0,91,75,75.0,89,2.96,No,Yes,Bachelor's,Yes,Yes
1229,Casey Jackson,12,Male,80.8,7.0,46,60,66.0,53,1.71,No,Yes,Bachelor's,No,No
1230,Drew White,9,Female,83.3,0.0,60,58,55.0,50,1.68,Yes,Yes,,No,No
1231,Jamie Rodriguez,12,Female,88.1,10.0,59,66,78.0,86,2.44,Yes,Yes,Bachelor's,No,Yes
1232,Alex Lee,10,Female,,1.0,69,63,60.0,66,2.03,Yes,Yes,High School,No,Yes
1233,Skyler Lee,11,Non-binary,76.0,,68,76,75.0,59,2.38,No,Yes,Bachelor's,No,Yes
1234,Drew Davis,12,Non-binary,77.5,4.0,52,60,74.0,72,1.85,No,Yes,,No,No
1235,Finley Chen,10,Female,71.7,3.0,48,49,58.0,44,1.0,Yes,Yes,High School,Yes,No
1236,Rowan Smith,12,Male,88.3,6.0,61,56,63.0,67,1.94,No,No,None,Yes,No
1237,Cameron Khan,10,Female,79.1,7.0,57,68,56.0,53,1.66,Yes,Yes,Bachelor's,No,No
1238,Avery Singh,12,Female,84.9,5.0,78,76,74.0,84,2.72,No,Yes,High School,Yes,Yes
1239,Rowan Smith,11,Male,93.3,10.0,78,81,78.0,95,3.03,No,Yes,Graduate,No,Yes
1240,Morgan Lee,9,Male,82.9,6.0,54,73,77.0,62,1.85,Yes,,Bachelor's,Yes,No
1241,Sage Davis,10,Female,89.9,11.0,73,63,69.0,69,2.18,Yes,Yes,Bachelor's,No,Yes
1242,Taylor Anderson,10,Female,85.6,9.0,74,64,75.0,68,2.22,No,No,High School,Yes,Yes
1243,Rowan Moore,9,Female,93.4,5.0,82,74,82.0,71,2.79,Yes,Yes,Bachelor's,Yes,Yes
1244,Rowan Martinez,9,Non-binary,91.8,4.0,56,69,73.0,72,2.24,No,Yes,Graduate,No,Yes
1245,Taylor Brown,10,Female,82.5,1.0,54,70,66.0,64,1.97,Yes,Yes,High School,No,No
1246,Skyler Clark,9,Male,86.7,9.0,78,89,91.0,84,3.21,No,Yes,High School,Yes,Yes
1247,Reese Davis,9,Male,96.3,6.0,57,64,70.0,68,1.84,Yes,Yes,High School,No,No
1248,Skyler Wilson,11,Male,91.1,0.0,51,53,53.0,53,1.34,Yes,No,High School,Yes,No
1249,Alex Davis,11,Male,76.8,5.0,57,66,62.0,58,1.82,Yes,Yes,Bachelor's,No,No
1250,Casey Smith,11,Female,93.2,4.0,70,75,81.0,76,2.72,Yes,Yes,High School,No,Yes
1251,Drew Brown,10,Female,79.3,14.0,86,84,81.0,79,3.21,Yes,Yes,Bachelor's,No,Yes
1252,Casey Lopez,12,Male,99.3,1.0,65,62,68.0,62,1.79,No,No,High School,No,No
1253,Avery Harris,11,Male,96.2,2.0,64,69,71.0,69,2.15,Yes,Yes,High School,No,Yes
1254,Rowan Anderson,9,Female,90.3,12.0,70,63,77.0,70,2.21,Yes,Yes,High School,Yes,Yes
1255,Morgan Thomas,9,Male,89.3,13.0,76,98,89.0,92,3.37,Yes,Yes,Graduate,No,Yes
1256,Emery Singh,11,Female,86.3,5.0,62,62,62.0,54,1.72,Yes,Yes,Bachelor's,No,No
1257,Taylor Lee,9,Male,93.4,5.0,66,74,78.0,62,2.26,No,Yes,High School,No,Yes
1258,Casey Kim,10,Female,85.0,10.0,76,73,87.0,75,2.83,No,Yes,Bachelor's,No,Yes
1259,Sage Clark,12,Male,89.9,0.0,58,54,64.0,52,1.43,Yes,Yes,None,No,No
1260,Dakota Johnson,9,Female,95.0,0.0,61,69,62.0,73,1.97,No,Yes,High School,No,No
1261,Casey White,9,Male,83.5,6.0,60,70,64.0,64,1.87,No,Yes,High School,Yes,No
1262,Avery Khan,12,Female,83.1,14.0,84,85,93.0,85,3.21,No,Yes,Graduate,Yes,Yes
1263,Logan Brown,11,Male,78.4,6.0,80,80,76.0,72,2.56,Yes,Yes,,Yes,Yes
1264,Micah Thomas,9,Male,79.5,8.0,70,71,71.0,72,2.34,Yes,Yes,Bachelor's,No,Yes
1265,Parker Jackson,12,Female,73.4,12.0,66,66,77.0,57,2.07,Yes,No,None,Yes,Yes
1266,Cameron Smith,12,Male,93.8,16.0,80,79,85.0,82,2.86,No,Yes,High School,Yes,Yes
1267,Quinn Lee,11,Male,100.0,5.0,66,77,83.0,65,2.53,No,Yes,Bachelor's,No,Yes
1268,Sage Khan,11,Male,99.4,7.0,83,78,77.0,80,2.82,Yes,Yes,,Yes,Yes
1269,Sage Clark,10,Male,75.0,15.0,72,87,82.0,60,2.69,Yes,Yes,Graduate,No,Yes
1270,Avery Smith,9,Male,93.8,1.0,58,56,70.0,50,1.61,No,Yes,Bachelor's,Yes,No
1271,Alex Khan,11,Female,99.4,,79,81,83.0,91,3.05,No,Yes,High School,No,Yes
1272,Morgan Garcia,10,Male,84.3,3.0,61,69,65.0,70,2.02,Yes,Yes,Bachelor's,No,Yes
1273,Micah Rodriguez,11,Female,88.8,8.0,67,71,67.0,81,2.37,No,Yes,Graduate,Yes,Yes
1274,Cameron Rodriguez,12,Non-binary,71.9,7.0,64,67,76.0,79,2.44,Yes,Yes,High School,Yes,Yes
1275,Drew Lee,9,Male,90.1,4.0,61,73,71.0,78,2.29,Yes,Yes,Bachelor's,Yes,Yes
1276,Drew Khan,11,Female,79.5,4.0,74,79,75.0,71,2.61,Yes,Yes,Graduate,Yes,Yes
1277,Skyler White,9,Female,89.6,9.0,73,70,70.0,67,2.2,No,Yes,High School,No,Yes
1278,Jordan Jackson,12,Female,75.5,11.0,73,70,80.0,78,2.66,No,Yes,Graduate,No,Yes
1279,Jordan Smith,9,Male,92.3,7.0,62,67,75.0,67,2.1,Yes,Yes,High School,No,Yes
1280,Sam Nguyen,11,Male,96.2,8.0,89,85,82.0,97,3.41,Yes,Yes,Bachelor's,No,Yes
1281,Drew Nguyen,11,Male,,10.0,68,72,69.0,70,2.28,Yes,Yes,Bachelor's,No,Yes
1282,Emery Davis,10,Female,78.9,4.0,46,64,63.0,67,1.87,Yes,Yes,Bachelor's,Yes,No
1283,Drew Garcia,11,Non-binary,70.8,10.0,51,58,59.0,58,1.4,Yes,Yes,High School,No,No
1284,Cameron Jackson,11,Female,85.9,11.0,62,73,71.0,84,2.28,Yes,Yes,Bachelor's,No,Yes
1285,Logan Thomas,11,Male,83.3,18.0,92,84,78.0,96,3.22,Yes,Yes,,No,Yes
1286,Morgan Moore,11,Female,75.6%,6.0,70,56,62.0,56,1.63,Yes,Yes,High School,No,No
1287,Parker Patel,12,Male,91.6,6.0,69,61,62.0,64,1.8,Yes,Yes,High School,No,No
1288,Parker Smith,10,Female,,11.0,70,74,76.0,70,2.49,No,Yes,Bachelor's,No,Yes
1289,Drew White,10,Male,79.4,11.0,77,75,74.0,60,2.37,Yes,Yes,High School,No,Yes
1290,Dakota Brown,9,Female,83.6,5.0,36,40,40.0,45,0.54,No,No,High School,Yes,No
1291,Sam Khan,12,Female,96.6,6.0,70,71,78.0,73,2.42,No,Yes,Graduate,No,Yes
1292,Logan White,10,Male,92.8,10.0,89,90,81.0,83,3.13,No,Yes,High School,Yes,Yes
1293,Avery Smith,10,Male,87.0,4.0,56,64,57.0,58,1.81,Yes,Yes,High School,Yes,No
1294,Parker Smith,9,Female,93.0,6.0,84,80,84.0,60,2.61,Yes,Yes,High School,No,Yes
1295,Hayden Smith,12,Male,78.7,8.0,73,69,74.0,83,2.42,No,Yes,High School,No,Yes
1296,Jamie Garcia,10,Female,88.3,11.0,69,70,77.0,71,2.47,Yes,Yes,Bachelor's,No,Yes
1297,Cameron Johnson,11,Female,89.2,5.0,63,79,62.0,72,2.21,Yes,Yes,High School,Yes,Yes
1298,Sam Moore,9,Female,84.2,0.0,30,45,53.0,48,1.0,Yes,No,None,Yes,No
1299,Alex Chen,12,Male,91.5,0.0,75,77,78.0,88,2.78,Yes,Yes,Graduate,No,Yes
1300,Quinn Clark,9,Male,81.8,2.0,63,62,65.0,57,1.9,Yes,No,Bachelor's,No,No
1301,Dakota Moore,9,Male,92.1,2.0,69,73,69.0,52,2.15,No,Yes,Bachelor's,Yes,Yes
1302,Alex Clark,12,Non-binary,92.4,7.0,85,83,92.0,87,3.19,Yes,Yes,,No,Yes
1303,Kai Nguyen,12,Male,64.7,,50,59,63.0,59,1.51,Yes,Yes,Graduate,No,No
1304,Parker Brown,9,Male,97.5,5.0,66,72,66.0,59,2.12,No,Yes,High School,Yes,Yes
1305,Morgan Jackson,10,Male,63.6,4.0,48,37,52.0,45,0.94,Yes,No,Bachelor's,No,No
1306,Avery Nguyen,11,Non-binary,83.1,6.0,70,70,68.0,67,2.07,No,Yes,Bachelor's,No,Yes
1307,Parker Johnson,12,Male,96.2%,13.0,79,73,85.0,70,2.56,Yes,Yes,High School,No,Yes
1308,Avery Khan,10,Female,85.5%,10.0,52,53,59.0,63,1.27,Yes,Yes,High School,No,No
1309,Taylor Moore,10,Female,76.3,8.0,65,58,65.0,57,1.85,No,Yes,High School,Yes,No
1310,Rowan Clark,11,Female,79.3,6.0,35,59,55.0,53,1.15,Yes,Yes,,No,No
1311,Emery Harris,11,Non-binary,96.2,6.0,88,86,90.0,84,3.24,Yes,Yes,Bachelor's,No,Yes
1312,Taylor Lee,12,Female,72.6,9.0,78,61,61.0,73,2.02,No,Yes,Bachelor's,No,Yes
1313,Sam Thomas,11,Female,97.0,,61,73,76.0,72,2.2,No,Yes,High School,No,Yes
1314,Riley Jackson,9,Male,87.6,4.0,56,52,62.0,60,1.52,No,Yes,High School,Yes,No
1315,Rowan Anderson,12,Female,78.5,8.0,50,55,52.0,49,1.16,Yes,Yes,High School,No,No
1316,Finley Moore,12,Female,83.3,0.0,48,60,55.0,56,1.43,Yes,Yes,Bachelor's,Yes,No
1317,Finley Jackson,12,Female,79.9,8.0,80,75,78.0,85,2.89,No,Yes,Graduate,No,Yes
1318,Logan Davis,9,Female,94.9,11.0,100,98,98.0,100,4.0,Yes,Yes,Graduate,No,Yes
1319,Skyler Smith,9,Non-binary,93.9,6.0,81,84,83.0,87,3.07,Yes,Yes,Graduate,No,Yes
1320,Avery Davis,11,Female,74.2,15.0,76,62,71.0,78,2.5,No,Yes,Graduate,No,Yes
1321,Taylor Patel,9,Female,84.8,4.0,64,69,79.0,56,2.03,Yes,Yes,Graduate,No,Yes
1322,Sage Lee,12,Male,81.1,8.0,78,79,68.0,54,2.1,Yes,Yes,High School,No,Yes
1323,Kai Lee,10,Male,98.3,7.0,87,87,91.0,87,3.28,Yes,Yes,None,No,Yes
1324,Micah Anderson,11,Male,77.2,7.0,61,61,69.0,56,1.65,Yes,,High School,No,No
1325,Riley Lopez,12,Male,100.0,7.0,78,95,82.0,83,3.12,No,Yes,High School,No,Yes
1326,Riley Singh,10,Male,87.7,8.0,73,89,68.0,66,2.44,No,Yes,High School,No,Yes
1327,Alex Thomas,10,Male,78.7,11.0,63,64,58.0,48,1.42,Yes,Yes,High School,Yes,No
1328,Morgan Singh,11,Female,82.6,13.0,65,62,70.0,73,2.32,Yes,Yes,Graduate,No,Yes
1329,Parker Rodriguez,11,Male,81.6,7.0,46,65,62.0,61,1.57,Yes,Yes,High School,No,No
1330,Parker Johnson,10,Female,77.8,11.0,71,88,76.0,67,2.44,Yes,Yes,Graduate,No,Yes
1331,Quinn Jackson,11,Female,88.8,5.0,76,74,77.0,71,2.63,Yes,Yes,Bachelor's,No,Yes
1332,Avery Davis,12,Male,78.2,11.0,88,83,86.0,86,3.11,No,,Bachelor's,No,Yes
1333,Dakota Garcia,10,Male,70.6,4.0,46,52,54.0,57,1.38,Yes,Yes,Bachelor's,No,No
1334,Drew Moore,9,Male,85.0,12.0,63,69,78.0,75,2.28,Yes,Yes,High School,No,Yes
1335,Dakota Anderson,10,Non-binary,73.6,16.0,78,85,81.0,82,2.89,No,Yes,Bachelor's,No,Yes
1336,Micah Johnson,10,Male,82.0,7.0,68,60,65.0,67,2.03,Yes,Yes,High School,Yes,Yes
1337,Avery Patel,9,Female,,0.0,46,60,68.0,49,1.53,No,Yes,Graduate,No,No
1338,Casey Smith,9,Female,81.0,5.0,61,51,57.0,55,1.56,Yes,Yes,High School,No,No
1339,Logan Brown,11,Non-binary,100.0,12.0,88,82,97.0,77,3.19,Yes,Yes,High School,Yes,Yes
1340,Rowan Lee,10,Male,88.5,10.0,84,88,77.0,78,3.01,No,Yes,Bachelor's,Yes,Yes
1341,Sam Anderson,12,Male,,,79,78,83.0,72,2.82,Yes,,,No,Yes
1342,Sage Singh,9,Male,,12.0,73,68,73.0,74,2.42,Yes,Yes,,No,Yes
1343,Hayden Clark,9,Male,82.8,9.0,82,74,82.0,72,2.7,Yes,Yes,Bachelor's,No,Yes
1344,,11,Male,89.7,12.0,86,71,88.0,82,2.81,No,Yes,High School,No,Yes
1345,Sam Rodriguez,12,Female,79.8,11.0,58,64,72.0,75,2.19,No,Yes,,No,Yes
1346,Micah Lopez,10,Female,95.3,14.0,62,74,62.0,79,2.25,Yes,No,High School,No,Yes
1347,Logan Johnson,9,Female,78.4,9.0,54,66,47.0,55,1.42,No,Yes,High School,Yes,No
1348,Casey Johnson,9,Female,85.7,11.0,68,67,79.0,71,2.48,No,Yes,High School,No,Yes
1349,Morgan Rodriguez,10,Male,83.3,6.0,68,77,75.0,69,2.27,Yes,Yes,,Yes,Yes
1350,Hayden Smith,10,Female,89.3,5.0,65,61,77.0,76,2.44,Yes,Yes,High School,No,Yes
1351,Jordan Smith,9,Female,82.9,14.0,75,68,72.0,60,2.21,Yes,Yes,High School,No,Yes
1352,Avery Nguyen,9,Female,85.8,8.0,67,56,58.0,56,1.7,Yes,Yes,High School,Yes,No
1353,Cameron White,10,Female,86.1,11.0,52,66,60.0,79,1.92,Yes,No,High School,Yes,No
1354,,12,Male,82.1,8.0,68,81,71.0,67,2.22,Yes,Yes,Bachelor's,No,Yes
1355,Micah Anderson,11,Male,91.9,5.0,53,50,57.0,47,1.23,Yes,Yes,High School,Yes,No
1356,Morgan Martinez,10,Male,,8.0,66,67,79.0,65,2.28,Yes,Yes,Bachelor's,No,Yes
1357,Kai Garcia,9,Male,,13.0,78,85,91.0,58,2.81,No,Yes,Graduate,No,Yes
1358,,9,Female,84.6,10.0,37,51,64.0,61,1.31,Yes,No,High School,Yes,No
1359,Finley Lee,10,Male,94.4,1.0,84,75,73.0,77,2.48,No,Yes,Graduate,No,Yes
1360,Jamie Thomas,11,Female,86.1,7.0,73,79,67.0,66,2.2,No,Yes,High School,No,Yes
1361,Kai Patel,12,Female,85.5,15.0,62,68,77.0,64,2.36,No,No,None,Yes,Yes
1362,Riley Kim,12,Male,88.8,7.0,78,72,71.0,75,2.41,No,Yes,Bachelor's,No,Yes
1363,Kai Clark,12,Male,,0.0,69,84,74.0,61,2.54,No,Yes,Bachelor's,No,Yes
1364,Taylor Chen,12,Female,,15.0,70,83,76.0,62,2.35,Yes,Yes,Bachelor's,No,Yes
1365,Hayden Davis,12,Female,94.2,10.0,64,68,68.0,67,2.08,No,Yes,,No,Yes
1366,Drew Singh,9,Male,72.9,7.0,78,67,73.0,65,2.39,Yes,Yes,,No,Yes
1367,Avery Moore,9,Male,89.7,6.0,71,68,69.0,72,2.2,No,Yes,High School,No,Yes
1368,Alex Nguyen,10,Female,,12.0,88,95,,80,3.57,Yes,Yes,High School,No,Yes
1369,Skyler Rodriguez,11,Male,91.9,5.0,78,64,74.0,74,2.44,Yes,No,High School,Yes,Yes
1370,Quinn White,9,Female,89.4,12.0,71,68,77.0,68,2.39,Yes,,Graduate,No,Yes
1371,Rowan Chen,12,Male,83.5,10.0,73,76,77.0,79,2.62,No,Yes,None,Yes,Yes
1372,Reese Davis,11,Male,88.2,8.0,82,74,78.0,78,2.81,Yes,Yes,Bachelor's,No,Yes
1373,Quinn Garcia,11,Female,86.0,8.0,93,81,75.0,81,3.16,Yes,Yes,Bachelor's,No,Yes
1374,,9,Female,81.7,7.0,71,86,77.0,61,2.49,Yes,Yes,,No,Yes
1375,Taylor Harris,9,Female,85.7,12.0,77,78,76.0,82,2.93,Yes,Yes,Bachelor's,No,Yes
1376,Finley Singh,9,Male,89.6,4.0,67,65,68.0,66,2.02,No,Yes,Graduate,No,Yes
1377,Finley Brown,12,Non-binary,81.9,1.0,64,65,60.0,57,1.88,No,Yes,High School,No,No
1378,Reese Martinez,11,Female,81.5,10.0,59,66,68.0,72,2.12,Yes,,None,No,Yes
1379,Sam Chen,11,Male,77.1,10.0,72,84,69.0,70,2.39,Yes,Yes,Bachelor's,No,Yes
1380,Alex Singh,10,Male,91.1,9.0,53,65,65.0,74,1.98,Yes,Yes,High School,Yes,No
1381,Logan Anderson,10,Male,92.4,9.0,63,71,78.0,82,2.49,Yes,Yes,High School,Yes,Yes
1382,Logan Nguyen,10,Female,89.9,6.0,77,71,82.0,87,2.73,No,Yes,High School,No,Yes
1383,Riley Rodriguez,11,Male,95.7,11.0,72,65,76.0,68,2.34,No,Yes,High School,No,Yes
1384,Alex Davis,12,Female,88.7,7.0,75,55,69.0,51,1.87,Yes,Yes,,Yes,No
1385,Taylor Harris,9,Male,91.1,6.0,62,63,62.0,68,1.92,No,Yes,None,Yes,No
1386,Jordan Garcia,12,Non-binary,90.4,6.0,66,65,70.0,74,2.21,Yes,No,Graduate,No,Yes
1387,Dakota Garcia,9,Male,87.3,16.0,69,83,77.0,70,2.55,No,Yes,High School,Yes,Yes
1388,Kai Davis,12,Female,83.8,1.0,65,59,66.0,67,1.92,Yes,No,Graduate,No,No
1389,Morgan Lopez,9,Male,,9.0,94,88,86.0,83,3.31,No,Yes,Graduate,No,Yes
1390,,9,Male,84.4,1.0,53,50,55.0,52,1.22,Yes,Yes,High School,Yes,No
1391,,12,Female,82.7,7.0,68,76,68.0,76,2.67,No,Yes,Bachelor's,No,Yes
1392,Quinn Harris,9,Female,91.5,6.0,84,74,86.0,71,2.64,Yes,Yes,Bachelor's,Yes,Yes
1393,Sage Davis,10,Female,90.0,0.0,64,66,73.0,71,2.14,Yes,Yes,Bachelor's,Yes,Yes
1394,Finley Lee,10,Male,76.8,9.0,66,73,64.0,74,2.19,Yes,Yes,High School,Yes,Yes
1395,,9,Female,97.0,6.0,100,95,95.0,94,3.98,Yes,No,High School,Yes,Yes
1396,Jordan Clark,11,Female,87.2,0.0,64,63,60.0,73,1.87,Yes,Yes,None,No,No
1397,Casey Garcia,12,Female,79.1,11.0,66,76,69.0,80,2.49,No,Yes,Bachelor's,No,Yes
1398,Sam Harris,12,Male,97.5,13.0,78,78,73.0,78,2.7,No,No,,No,Yes
1399,Avery Brown,10,Female,93.0,13.0,79,86,80.0,67,2.78,Yes,Yes,Bachelor's,No,Yes
1400,Micah Lee,11,Female,77.9,9.0,62,68,81.0,65,2.35,No,No,Bachelor's,Yes,Yes
1401,Skyler Wilson,9,Non-binary,100.0,8.0,96,100,92.0,99,3.94,No,Yes,Graduate,No,Yes
1402,Avery Rodriguez,9,Male,93.3,13.0,99,91,99.0,83,3.55,Yes,Yes,Bachelor's,Yes,Yes
1403,Micah Martinez,9,Male,87.9,,78,91,80.0,80,3.01,Yes,Yes,None,No,Yes
1404,Drew Moore,12,Female,100.0,12.0,77,80,87.0,84,2.79,Yes,Yes,Graduate,Yes,Yes
1405,Hayden Rodriguez,12,Female,89.3,4.0,62,75,67.0,80,2.35,Yes,Yes,High School,No,Yes
1406,,12,Female,87.8,8.0,56,63,61.0,55,1.56,No,Yes,None,No,No
1407,Morgan Rodriguez,10,Male,82.7%,9.0,55,67,63.0,56,1.71,No,Yes,Bachelor's,No,No
1408,Logan Clark,10,Male,92.7,0.0,60,63,82.0,68,2.02,No,Yes,Graduate,Yes,Yes
1409,Alex Martinez,10,Female,91.8,9.0,88,85,84.0,81,3.15,Yes,Yes,High School,Yes,Yes
1410,Casey Garcia,11,Male,88.1,17.0,89,99,87.0,87,3.29,No,Yes,High School,Yes,Yes
1411,Riley Martinez,10,Male,81.7,10.0,73,70,77.0,79,2.57,No,Yes,High School,Yes,Yes
1412,Sam Jackson,9,Female,89.0,13.0,79,76,89.0,71,2.66,Yes,No,None,Yes,Yes
1413,Morgan Nguyen,9,Female,87.4,8.0,65,60,57.0,64,1.72,No,Yes,High School,Yes,No
1414,Alex Harris,12,Female,77.3,7.0,60,63,63.0,68,2.03,Yes,Yes,Bachelor's,No,Yes
1415,Emery Chen,10,Male,76.2,9.0,59,70,60.0,57,1.86,Yes,Yes,,No,No
1416,Micah Chen,12,Male,92.5,4.0,49,46,52.0,58,1.33,Yes,No,High School,Yes,No
1417,Taylor Wilson,9,Female,67.2,4.0,58,51,57.0,58,1.64,Yes,,High School,No,No
1418,Avery Harris,11,Male,89.6,13.0,73,82,68.0,78,2.51,No,Yes,High School,No,Yes
1419,Hayden Smith,9,Male,84.2,13.0,74,82,88.0,80,3.06,Yes,Yes,,Yes,Yes
1420,Logan Brown,9,Male,98.5,4.0,73,96,78.0,86,2.9,Yes,Yes,Bachelor's,Yes,Yes
1421,Emery Martinez,9,Female,84.1,11.0,70,69,72.0,67,2.33,Yes,Yes,Bachelor's,No,Yes
1422,,9,Female,93.3,7.0,77,81,87.0,76,2.82,Yes,Yes,Bachelor's,No,Yes
1423,Parker Davis,12,Female,84.8,9.0,53,62,68.0,75,1.88,Yes,Yes,High School,Yes,No
1424,Cameron Garcia,10,Female,88.9%,9.0,65,65,61.0,68,2.05,Yes,Yes,Bachelor's,No,Yes
1425,Casey Nguyen,11,Male,93.9,11.0,82,68,74.0,71,2.59,No,Yes,High School,Yes,Yes
1426,Jamie Lee,10,Male,84.3,8.0,79,70,67.0,67,2.42,Yes,Yes,High School,No,Yes
1427,Dakota Chen,10,Male,96.0,13.0,79,85,82.0,67,2.78,No,Yes,Graduate,No,Yes
1428,Alex Kim,11,Male,80.1,9.0,78,83,86.0,79,2.96,Yes,Yes,Bachelor's,No,Yes
1429,Finley Chen,9,Male,90.4,10.0,60,66,63.0,75,2.11,No,,Graduate,No,Yes
1430,Taylor Chen,12,Male,95.4,4.0,72,67,79.0,72,2.46,No,No,Graduate,No,Yes
1431,Finley Anderson,12,Male,93.3,16.0,81,86,85.0,83,3.13,Yes,Yes,Bachelor's,No,Yes
1432,Dakota Singh,11,Female,100.0,9.0,85,84,94.0,70,3.06,Yes,Yes,Graduate,No,Yes
1433,Morgan Rodriguez,10,Female,81.9,10.0,67,73,79.0,67,2.46,No,Yes,High School,No,Yes
1434,Cameron Chen,9,Male,77.0,1.0,40,67,54.0,57,1.24,Yes,Yes,None,Yes,No
1435,Taylor Khan,12,Female,80.0,4.0,53,59,48.0,53,1.32,No,Yes,None,Yes,No
1436,Parker Rodriguez,10,Female,93.3,12.0,65,63,71.0,78,2.1,Yes,No,High School,Yes,Yes
1437,Logan Wilson,9,Female,92.0,9.0,79,78,83.0,80,2.88,Yes,Yes,,No,Yes
1438,Jordan Nguyen,10,Female,88.8,0.0,62,75,74.0,72,2.49,Yes,Yes,High School,Yes,Yes
1439,Reese Moore,12,Male,79.0,12.0,69,74,73.0,66,2.27,No,Yes,Bachelor's,No,Yes
1440,Micah Wilson,11,Female,94.1,,65,60,60.0,67,1.9,Yes,Yes,Bachelor's,No,No
1441,Avery Singh,11,Male,78.2,13.0,73,77,74.0,66,2.5,No,Yes,,No,Yes
1442,Morgan Patel,12,Male,97.3,7.0,91,91,94.0,78,3.14,No,Yes,High School,No,Yes
1443,Drew Martinez,9,Male,100.0,8.0,90,94,86.0,75,3.16,Yes,Yes,Bachelor's,No,Yes
1444,Hayden Singh,12,Male,90.9,12.0,91,87,96.0,99,3.65,Yes,Yes,High School,No,Yes
1445,Rowan Rodriguez,10,Male,92.7,4.0,62,65,70.0,56,1.61,Yes,No,None,Yes,No
1446,Avery Singh,11,Male,84.1,4.0,66,52,65.0,61,1.67,Yes,No,High School,Yes,No
1447,Logan Kim,9,Female,73.5,7.0,64,56,72.0,59,1.98,No,Yes,High School,Yes,No
1448,Hayden Clark,12,Male,83.2,,69,76,77.0,59,2.4,Yes,No,High School,Yes,Yes
1449,Sam Lopez,10,Male,79.3,2.0,59,62,66.0,62,1.88,Yes,Yes,Bachelor's,Yes,No
1450,Micah Moore,9,Male,76.4,1.0,54,44,61.0,35,1.15,No,Yes,Bachelor's,No,No
1451,Logan Anderson,10,Male,100.0,11.0,93,91,98.0,87,3.58,No,Yes,Bachelor's,Yes,Yes
1452,Drew Singh,9,Male,90.2,5.0,66,68,82.0,76,2.51,Yes,Yes,High School,Yes,Yes
1453,Alex White,9,Male,91.0,6.0,75,81,83.0,83,2.85,No,Yes,Bachelor's,No,Yes
1454,Sage Lee,11,Male,85.5,0.0,70,79,75.0,68,2.47,Yes,Yes,Bachelor's,No,Yes
1455,Parker Harris,10,Female,,5.0,68,63,66.0,53,1.79,No,Yes,High School,No,No
1456,Morgan Jackson,12,Female,95.7,7.0,74,74,81.0,70,2.68,Yes,Yes,Bachelor's,No,Yes
1457,Rowan Lopez,10,Female,87.7,11.0,85,74,79.0,75,2.91,Yes,No,High School,Yes,Yes
1458,Jamie Anderson,11,Female,92.2,4.0,80,70,75.0,68,2.61,Yes,Yes,High School,No,Yes
1459,Taylor Lopez,10,Female,86.4,14.0,72,77,57.0,73,2.23,No,No,High School,Yes,Yes
1460,Finley Brown,11,Non-binary,85.3,5.0,65,60,70.0,51,1.7,No,Yes,Bachelor's,Yes,No
1461,Morgan Moore,11,Female,76.7,5.0,55,57,64.0,65,1.86,Yes,,High School,No,No
1462,Finley Nguyen,10,Female,72.2,14.0,67,64,70.0,67,2.17,No,Yes,High School,No,Yes
1463,Cameron Wilson,12,Female,85.9,8.0,62,58,77.0,75,2.2,No,Yes,High School,Yes,Yes
1464,Alex Lopez,10,Female,88.5,5.0,67,73,83.0,78,2.52,Yes,Yes,Graduate,Yes,Yes
1465,Micah Jackson,9,Male,77.7,7.0,63,75,76.0,72,2.41,No,Yes,High School,No,Yes
1466,Morgan Kim,11,Male,87.7,13.0,93,86,83.0,86,3.15,Yes,Yes,High School,No,Yes
1467,Sage Lopez,12,Male,88.4,13.0,61,72,74.0,63,2.21,No,No,High School,Yes,Yes
1468,Casey Smith,9,Male,70.8,4.0,71,60,68.0,50,1.98,Yes,Yes,Graduate,No,No
1469,Logan Lee,10,Female,80.7,7.0,71,72,75.0,54,2.33,Yes,Yes,Bachelor's,No,Yes
1470,Finley Johnson,12,Male,91.3,8.0,81,72,77.0,71,2.66,Yes,Yes,Graduate,No,Yes
1471,Dakota Johnson,11,Female,91.1,4.0,63,48,60.0,67,1.55,Yes,Yes,High School,No,No
1472,Cameron Jackson,12,Female,78.8,7.0,55,58,57.0,60,1.59,No,Yes,,Yes,No
1473,Drew Jackson,11,Female,89.3,8.0,65,75,84.0,71,2.71,Yes,Yes,Bachelor's,No,Yes
1474,Rowan Moore,11,Male,96.2,12.0,94,98,82.0,100,3.54,Yes,No,High School,Yes,Yes
1475,Skyler Johnson,10,Male,94.2,12.0,92,100,100.0,94,3.79,Yes,Yes,Bachelor's,No,Yes
1476,Jamie Johnson,12,Female,87.2,6.0,60,59,70.0,68,2.1,No,Yes,,No,Yes
1477,Alex Brown,10,Female,84.3,7.0,75,77,81.0,73,2.72,No,Yes,High School,No,Yes
1478,Rowan Chen,11,Non-binary,83.0,10.0,84,77,73.0,91,3.18,Yes,Yes,Graduate,No,Yes
1479,Taylor Wilson,10,Female,91.7,5.0,80,70,85.0,73,2.61,Yes,Yes,Bachelor's,No,Yes
1480,Sam Lopez,11,Female,89.6,10.0,74,79,77.0,73,2.52,Yes,Yes,High School,No,Yes
1481,Dakota Garcia,11,Male,93.0,7.0,71,72,73.0,63,2.39,No,Yes,High School,No,Yes
1482,Sam Anderson,10,Male,89.1,4.0,67,79,66.0,81,2.35,No,No,None,Yes,Yes
1483,Dakota Wilson,12,Male,94.6,4.0,81,81,75.0,82,2.82,No,Yes,Bachelor's,No,Yes
1484,Drew Johnson,10,Female,88.8,13.0,74,68,70.0,69,2.29,No,No,High School,Yes,Yes
1485,Riley Thomas,11,Female,94.3,7.0,80,85,76.0,100,3.26,Yes,Yes,High School,Yes,Yes
1486,Quinn White,10,Male,95.0,14.0,100,98,97.0,93,3.89,No,Yes,Bachelor's,Yes,Yes
1487,Hayden Smith,10,Female,81.6,5.0,66,67,61.0,53,1.86,Yes,Yes,None,No,No
1488,Skyler Davis,10,Male,73.5,,64,76,64.0,66,2.1,Yes,Yes,None,Yes,Yes
1489,Sage Jackson,9,Male,100.0,17.0,99,99,95.0,89,3.86,Yes,Yes,Bachelor's,No,Yes
1490,Logan Anderson,9,Male,90.1,3.0,73,66,68.0,62,2.53,Yes,Yes,None,Yes,Yes
1491,Jamie Jackson,11,Male,74.3,0.0,57,54,47.0,44,1.24,No,No,High School,No,No
1492,Skyler Martinez,11,Female,82.3,13.0,66,60,63.0,57,1.81,Yes,Yes,High School,No,No
1493,Sage Kim,11,Male,94.2,4.0,66,68,73.0,58,1.94,No,Yes,High School,No,No
1494,Sam Anderson,9,Female,85.8,7.0,59,73,70.0,74,2.16,No,Yes,,No,Yes
1495,Reese Garcia,10,Female,83.9,5.0,59,67,58.0,60,1.75,No,Yes,Bachelor's,No,No
1496,Taylor Nguyen,9,Male,99.2,9.0,100,92,89.0,91,3.55,No,Yes,Graduate,No,Yes
1497,Quinn Chen,12,Male,79.6,4.0,64,61,66.0,69,2.0,Yes,Yes,High School,Yes,Yes
1498,Logan Khan,12,Female,81.6,7.0,71,79,74.0,73,2.71,Yes,Yes,Graduate,No,Yes
1499,Cameron Lee,9,Male,89.7,9.0,71,78,68.0,75,2.58,Yes,Yes,,No,Yes
1500,Taylor Lopez,11,Female,91.1,3.0,67,73,69.0,76,2.34,Yes,Yes,Bachelor's,No,Yes
1501,Rowan Kim,9,Male,92.0,5.0,75,76,76.0,78,2.52,No,Yes,Bachelor's,No,Yes
1502,Micah Lopez,10,Female,95.3,6.0,70,73,72.0,76,2.58,Yes,Yes,Bachelor's,No,Yes
1503,Jamie Clark,9,Female,89.6,2.0,75,67,65.0,72,2.27,Yes,Yes,Bachelor's,No,Yes
1504,Sam Johnson,10,Male,91.9,6.0,74,73,83.0,78,2.51,Yes,Yes,High School,No,Yes
1505,Cameron Clark,11,Male,85.9,8.0,58,61,54.0,58,1.66,Yes,Yes,Bachelor's,No,No
1506,Hayden Davis,12,Non-binary,88.5,6.0,56,65,57.0,74,1.99,No,No,High School,Yes,No
1507,Riley Thomas,9,Male,88.9,6.0,69,64,67.0,63,1.8,Yes,,High School,Yes,No
1508,,11,Male,89.7,7.0,77,77,72.0,74,2.49,No,Yes,Bachelor's,No,Yes
1509,Riley Wilson,11,Male,94.2,5.0,71,71,58.0,67,2.09,No,Yes,None,Yes,Yes
1510,Micah Thomas,12,Male,92.4,10.0,75,82,75.0,72,2.7,No,Yes,High School,No,Yes
1511,Finley Khan,11,Female,88.4,13.0,93,89,91.0,85,3.35,Yes,Yes,High School,No,Yes
1512,Jamie Garcia,9,Female,81.5,6.0,58,65,60.0,58,1.65,No,Yes,High School,No,No
1513,Dakota Anderson,11,Male,88.5,9.0,79,78,81.0,74,2.82,Yes,Yes,,No,Yes
1514,Micah Thomas,10,Female,87.8,7.0,86,78,84.0,76,2.87,Yes,Yes,,No,Yes
1515,Taylor Kim,12,Male,89.5,9.0,67,72,78.0,64,2.35,No,Yes,High School,No,Yes
1516,Kai Harris,10,Male,100.0,14.0,97,99,100.0,100,3.83,No,Yes,High School,Yes,Yes
1517,Jordan Rodriguez,11,Female,83.8%,10.0,72,87,69.0,80,2.55,Yes,Yes,High School,No,Yes
1518,Drew Wilson,9,Non-binary,91.4,0.0,69,82,75.0,77,2.69,No,Yes,High School,Yes,Yes
1519,Sage Smith,10,Male,96.5,9.0,83,90,89.0,68,3.03,Yes,Yes,Bachelor's,No,Yes
1520,Quinn Khan,12,Male,88.8,12.0,89,82,88.0,85,3.29,No,Yes,Bachelor's,No,Yes
1521,Morgan Patel,11,Female,,7.0,90,77,75.0,72,2.72,No,,High School,Yes,Yes
1522,Casey Thomas,10,Female,85.0,11.0,60,63,75.0,73,2.08,Yes,Yes,High School,Yes,Yes
1523,Dakota Singh,12,Male,,5.0,63,62,75.0,72,2.31,No,Yes,Graduate,No,Yes
1524,Avery Davis,12,Male,81.6,2.0,58,61,75.0,65,1.83,No,Yes,Bachelor's,No,No
1525,Avery Garcia,10,Female,85.2,8.0,61,64,73.0,63,2.14,No,No,High School,Yes,Yes
1526,Logan Anderson,11,Male,90.0,0.0,61,45,61.0,58,1.63,No,Yes,High School,No,No
1527,Morgan Garcia,10,Male,94.8,7.0,66,62,66.0,74,2.2,No,No,None,Yes,Yes
1528,Kai Martinez,11,Male,90.6,13.0,90,89,95.0,91,3.43,Yes,Yes,Graduate,No,Yes
1529,Logan Jackson,10,Male,98.1,0.0,75,72,75.0,81,2.53,No,Yes,High School,No,Yes
1530,Sage Harris,9,Male,87.2,2.0,52,54,69.0,65,1.69,Yes,Yes,,No,No
1531,Morgan Clark,12,Female,85.3,3.0,58,59,64.0,66,1.68,No,Yes,Graduate,No,No
1532,Morgan Clark,12,Female,,7.0,81,94,83.0,71,2.89,Yes,Yes,Bachelor's,No,Yes
1533,Sam Singh,12,Female,91.2,6.0,67,82,78.0,86,2.82,Yes,Yes,None,Yes,Yes
1534,Parker Patel,12,Non-binary,82.2,13.0,68,74,73.0,74,2.48,No,Yes,None,No,Yes
1535,Morgan Jackson,11,Male,82.4,11.0,52,60,66.0,66,1.67,Yes,Yes,None,Yes,No
1536,Cameron Moore,11,Male,80.5,9.0,71,68,67.0,62,2.18,Yes,Yes,Bachelor's,No,Yes
1537,Taylor Clark,11,Female,95.5,8.0,65,61,73.0,58,2.0,No,Yes,None,Yes,Yes
1538,Hayden Rodriguez,10,Male,,9.0,75,69,69.0,87,2.72,Yes,Yes,Graduate,No,Yes
1539,Alex Garcia,10,Female,89.0,4.0,69,88,84.0,75,2.86,Yes,Yes,Graduate,No,Yes
1540,Finley Lopez,9,Female,87.5,11.0,58,66,76.0,76,2.33,Yes,Yes,Bachelor's,No,Yes
1541,Jordan Davis,11,Male,93.9,3.0,63,54,52.0,61,1.62,Yes,Yes,Bachelor's,No,No
1542,Casey Jackson,10,Male,81.2,11.0,47,65,78.0,63,2.0,Yes,Yes,High School,Yes,Yes
1543,Casey Martinez,9,Male,79.4,12.0,72,67,67.0,66,2.04,Yes,No,None,Yes,Yes
1544,Dakota Wilson,11,Male,89.8,8.0,67,68,82.0,70,2.37,Yes,Yes,Bachelor's,No,Yes
1545,Jordan Johnson,10,Male,92.8,7.0,79,76,81.0,76,2.74,Yes,Yes,High School,No,Yes
1546,Cameron Jackson,9,Male,90.7,9.0,75,88,88.0,75,2.92,Yes,Yes,High School,Yes,Yes
1547,Sage Thomas,12,Female,81.5,0.0,47,46,46.0,40,0.89,No,Yes,High School,No,No
1548,Hayden Smith,12,Female,93.4,9.0,97,93,87.0,86,3.53,No,Yes,None,Yes,Yes
1549,Emery Martinez,9,Female,82.0,7.0,48,72,69.0,66,1.97,Yes,Yes,High School,No,No
1160,Micah Khan,12,Male,84.4,9.0,76,62,77.0,55,2.05,No,Yes,Bachelor's,Yes,Yes
1306,Avery Nguyen,11,Non-binary,83.1,6.0,70,70,68.0,67,2.07,No,Yes,Bachelor's,No,Yes
1065,,11,Female,75.1,8.0,54,57,59.0,53,1.46,Yes,Yes,High School,Yes,No
1423,Parker Davis,12,Female,84.8,9.0,53,62,68.0,75,1.88,Yes,Yes,High School,Yes,No
1135,Avery Moore,10,Male,81.8,11.0,62,74,70.0,65,2.26,No,Yes,None,No,Yes
1207,,12,Female,95.5,6.0,78,73,85.0,88,2.93,Yes,Yes,Graduate,No,Yes
